"","sim","method","observed","value","n","N"
"1",0,"freq","observed",-0.0568894466833773,10,200
"2",0,"freq","recoverable",0.542156126980304,10,200
"3",0,"fitree","observed",0.952220395264836,10,200
"4",0,"fitree","recoverable",0.717990589969204,10,200
"5",0,"Diffusion_subclone","observed",-0.0424856752659586,10,200
"6",0,"Diffusion_subclone","recoverable",0.543942524022876,10,200
"7",0,"Diffusion_mutation","observed",0.860672365962544,10,200
"8",0,"Diffusion_mutation","recoverable",0.687873654099091,10,200
"9",0,"scifil","observed",0.931943391378285,10,200
"10",0,"scifil","recoverable",0.724175387359897,10,200
"11",0,"fitclone","observed",0.392031341801627,10,200
"12",0,"fitclone","recoverable",0.60372349974162,10,200
"13",1,"freq","observed",0.0980582756296868,10,200
"14",1,"freq","recoverable",0.544646080887919,10,200
"15",1,"fitree","observed",0.937590147007423,10,200
"16",1,"fitree","recoverable",0.838587440741175,10,200
"17",1,"Diffusion_subclone","observed",0.113417264505836,10,200
"18",1,"Diffusion_subclone","recoverable",0.550204891016548,10,200
"19",1,"Diffusion_mutation","observed",0.712907078896422,10,200
"20",1,"Diffusion_mutation","recoverable",0.65551374127331,10,200
"21",1,"scifil","observed",0.891433376727771,10,200
"22",1,"scifil","recoverable",0.734511039912934,10,200
"23",1,"fitclone","observed",0.5344879355123,10,200
"24",1,"fitclone","recoverable",0.72376582795611,10,200
"25",2,"freq","observed",0.240379379634426,10,200
"26",2,"freq","recoverable",0.658519821956017,10,200
"27",2,"fitree","observed",0.714731301103416,10,200
"28",2,"fitree","recoverable",0.560092484534808,10,200
"29",2,"Diffusion_subclone","observed",0.200299558884765,10,200
"30",2,"Diffusion_subclone","recoverable",0.651837342496579,10,200
"31",2,"Diffusion_mutation","observed",0.643766413259324,10,200
"32",2,"Diffusion_mutation","recoverable",0.668998868683116,10,200
"33",2,"scifil","observed",0.766936475908806,10,200
"34",2,"scifil","recoverable",0.515161240151805,10,200
"35",2,"fitclone","observed",0.212157701695883,10,200
"36",2,"fitclone","recoverable",0.609736904221745,10,200
"37",3,"freq","observed",-0.0239806535753144,10,200
"38",3,"freq","recoverable",0.67154798315298,10,200
"39",3,"fitree","observed",0.879719090012053,10,200
"40",3,"fitree","recoverable",0.836949695034723,10,200
"41",3,"Diffusion_subclone","observed",-0.00157537140275788,10,200
"42",3,"Diffusion_subclone","recoverable",0.677957628999004,10,200
"43",3,"Diffusion_mutation","observed",0.767594365286502,10,200
"44",3,"Diffusion_mutation","recoverable",0.734567898432474,10,200
"45",3,"scifil","observed",0.916213604589752,10,200
"46",3,"scifil","recoverable",0.774950547811402,10,200
"47",3,"fitclone","observed",0.269423718686508,10,200
"48",3,"fitclone","recoverable",0.705190471255472,10,200
"49",4,"freq","observed",0.289372251161367,10,200
"50",4,"freq","recoverable",0.357857842160792,10,200
"51",4,"fitree","observed",0.685638295647918,10,200
"52",4,"fitree","recoverable",0.53271302677367,10,200
"53",4,"Diffusion_subclone","observed",0.30412447467635,10,200
"54",4,"Diffusion_subclone","recoverable",0.36104181166939,10,200
"55",4,"Diffusion_mutation","observed",0.637714332307409,10,200
"56",4,"Diffusion_mutation","recoverable",0.432633712907351,10,200
"57",4,"scifil","observed",0.447182910537895,10,200
"58",4,"scifil","recoverable",0.211020219816012,10,200
"59",4,"fitclone","observed",0.389624714132027,10,200
"60",4,"fitclone","recoverable",0.366902395456135,10,200
"61",5,"freq","observed",0.43272095849635,10,200
"62",5,"freq","recoverable",0.545126989554105,10,200
"63",5,"fitree","observed",0.765101129536481,10,200
"64",5,"fitree","recoverable",0.488946398291841,10,200
"65",5,"Diffusion_subclone","observed",0.483751346444411,10,200
"66",5,"Diffusion_subclone","recoverable",0.551718167751958,10,200
"67",5,"Diffusion_mutation","observed",0.182742802444339,10,200
"68",5,"Diffusion_mutation","recoverable",0.115701092168584,10,200
"69",5,"scifil","observed",0.731255882499194,10,200
"70",5,"scifil","recoverable",0.450749311523914,10,200
"71",5,"fitclone","observed",0.257931080712302,10,200
"72",5,"fitclone","recoverable",0.490596444238409,10,200
"73",6,"freq","observed",-0.0150232806817224,10,200
"74",6,"freq","recoverable",0.391285206014865,10,200
"75",6,"fitree","observed",0.882954126394779,10,200
"76",6,"fitree","recoverable",0.581097972720974,10,200
"77",6,"Diffusion_subclone","observed",-0.0558272529036846,10,200
"78",6,"Diffusion_subclone","recoverable",0.38175738281657,10,200
"79",6,"Diffusion_mutation","observed",0.734260595791302,10,200
"80",6,"Diffusion_mutation","recoverable",0.522824585951146,10,200
"81",6,"scifil","observed",0.77038257530853,10,200
"82",6,"scifil","recoverable",0.490984842446832,10,200
"83",6,"fitclone","observed",0.332521896371737,10,200
"84",6,"fitclone","recoverable",0.496404043164225,10,200
"85",7,"freq","observed",0.280819509737549,10,200
"86",7,"freq","recoverable",0.730292904346599,10,200
"87",7,"fitree","observed",0.857679655770013,10,200
"88",7,"fitree","recoverable",0.692299182297526,10,200
"89",7,"Diffusion_subclone","observed",0.281731919696985,10,200
"90",7,"Diffusion_subclone","recoverable",0.729900440796043,10,200
"91",7,"Diffusion_mutation","observed",0.858896769765171,10,200
"92",7,"Diffusion_mutation","recoverable",0.678270437182857,10,200
"93",7,"scifil","observed",0.914336158239334,10,200
"94",7,"scifil","recoverable",0.668846036573406,10,200
"95",7,"fitclone","observed",0.212490141664225,10,200
"96",7,"fitclone","recoverable",0.690016332470703,10,200
"97",8,"freq","observed",0.45758988065708,10,200
"98",8,"freq","recoverable",0.646692934321967,10,200
"99",8,"fitree","observed",0.740878210489546,10,200
"100",8,"fitree","recoverable",0.644428855639591,10,200
"101",8,"Diffusion_subclone","observed",0.335334422601788,10,200
"102",8,"Diffusion_subclone","recoverable",0.6252062099716,10,200
"103",8,"Diffusion_mutation","observed",0.658551974875528,10,200
"104",8,"Diffusion_mutation","recoverable",0.503162987673452,10,200
"105",8,"scifil","observed",0.785709651499868,10,200
"106",8,"scifil","recoverable",0.470715904243105,10,200
"107",8,"fitclone","observed",0.252370094652934,10,200
"108",8,"fitclone","recoverable",0.619963199457824,10,200
"109",9,"freq","observed",0.200769030847278,10,200
"110",9,"freq","recoverable",0.589567850772418,10,200
"111",9,"fitree","observed",0.835931075208558,10,200
"112",9,"fitree","recoverable",0.736277481647384,10,200
"113",9,"Diffusion_subclone","observed",0.168292565554111,10,200
"114",9,"Diffusion_subclone","recoverable",0.577781005468091,10,200
"115",9,"Diffusion_mutation","observed",0.567535997961162,10,200
"116",9,"Diffusion_mutation","recoverable",0.356530166029694,10,200
"117",9,"scifil","observed",0.804055382966243,10,200
"118",9,"scifil","recoverable",0.599551500415415,10,200
"119",9,"fitclone","observed",0.504041845120041,10,200
"120",9,"fitclone","recoverable",0.645845357501067,10,200
"121",10,"freq","observed",0.374791904329549,10,200
"122",10,"freq","recoverable",0.579440437725553,10,200
"123",10,"fitree","observed",0.850619091823579,10,200
"124",10,"fitree","recoverable",0.573349756522776,10,200
"125",10,"Diffusion_subclone","observed",0.389772483777214,10,200
"126",10,"Diffusion_subclone","recoverable",0.587698785755931,10,200
"127",10,"Diffusion_mutation","observed",0.669687384938217,10,200
"128",10,"Diffusion_mutation","recoverable",0.461059140414179,10,200
"129",10,"scifil","observed",0.741538682659426,10,200
"130",10,"scifil","recoverable",0.490643721809317,10,200
"131",10,"fitclone","observed",0.0147031613097455,10,200
"132",10,"fitclone","recoverable",0.46766324003025,10,200
"133",11,"freq","observed",0.367932081205662,10,200
"134",11,"freq","recoverable",0.462770284799613,10,200
"135",11,"fitree","observed",0.957287669689192,10,200
"136",11,"fitree","recoverable",0.751784011452214,10,200
"137",11,"Diffusion_subclone","observed",0.372495581975716,10,200
"138",11,"Diffusion_subclone","recoverable",0.463306431527007,10,200
"139",11,"Diffusion_mutation","observed",0.802535504184208,10,200
"140",11,"Diffusion_mutation","recoverable",0.659132702320224,10,200
"141",11,"scifil","observed",0.72544515939182,10,200
"142",11,"scifil","recoverable",0.474599315471548,10,200
"143",11,"fitclone","observed",0.173237999358173,10,200
"144",11,"fitclone","recoverable",0.395164281734574,10,200
"145",12,"freq","observed",0.362891239601551,10,200
"146",12,"freq","recoverable",0.56348677624255,10,200
"147",12,"fitree","observed",0.9787399119521,10,200
"148",12,"fitree","recoverable",0.74412180475832,10,200
"149",12,"Diffusion_subclone","observed",0.357743143670582,10,200
"150",12,"Diffusion_subclone","recoverable",0.565074897785058,10,200
"151",12,"Diffusion_mutation","observed",0.914944101459289,10,200
"152",12,"Diffusion_mutation","recoverable",0.637878487058051,10,200
"153",12,"scifil","observed",0.949209634565625,10,200
"154",12,"scifil","recoverable",0.566800688975692,10,200
"155",12,"fitclone","observed",0.440189773257636,10,200
"156",12,"fitclone","recoverable",0.569817564010426,10,200
"157",13,"freq","observed",0.0930137855534125,10,200
"158",13,"freq","recoverable",0.597765763933833,10,200
"159",13,"fitree","observed",0.908653181703449,10,200
"160",13,"fitree","recoverable",0.645283956396848,10,200
"161",13,"Diffusion_subclone","observed",0.0579614112993428,10,200
"162",13,"Diffusion_subclone","recoverable",0.59353893618662,10,200
"163",13,"Diffusion_mutation","observed",0.753871089109105,10,200
"164",13,"Diffusion_mutation","recoverable",0.399902177839882,10,200
"165",13,"scifil","observed",0.796834676238325,10,200
"166",13,"scifil","recoverable",0.590940889043093,10,200
"167",13,"fitclone","observed",0.0318335950557134,10,200
"168",13,"fitclone","recoverable",0.606241859675756,10,200
"169",14,"freq","observed",0.0796125810997688,10,200
"170",14,"freq","recoverable",0.576029132736739,10,200
"171",14,"fitree","observed",0.892927600397297,10,200
"172",14,"fitree","recoverable",0.813629586859229,10,200
"173",14,"Diffusion_subclone","observed",0.110944629045881,10,200
"174",14,"Diffusion_subclone","recoverable",0.58633298519684,10,200
"175",14,"Diffusion_mutation","observed",0.621758844953933,10,200
"176",14,"Diffusion_mutation","recoverable",0.577050504080431,10,200
"177",14,"scifil","observed",0.864338247348259,10,200
"178",14,"scifil","recoverable",0.670511192114403,10,200
"179",14,"fitclone","observed",0.436584981564002,10,200
"180",14,"fitclone","recoverable",0.631699133478275,10,200
"181",15,"freq","observed",0.39602137640665,10,200
"182",15,"freq","recoverable",0.493863779177497,10,200
"183",15,"fitree","observed",0.846101725640684,10,200
"184",15,"fitree","recoverable",0.557924023974652,10,200
"185",15,"Diffusion_subclone","observed",0.429370544946157,10,200
"186",15,"Diffusion_subclone","recoverable",0.500907066091665,10,200
"187",15,"Diffusion_mutation","observed",0.518567661408283,10,200
"188",15,"Diffusion_mutation","recoverable",0.390244289550705,10,200
"189",15,"scifil","observed",0.821918049629942,10,200
"190",15,"scifil","recoverable",0.484611342449248,10,200
"191",15,"fitclone","observed",0.438477571263964,10,200
"192",15,"fitclone","recoverable",0.53058527962449,10,200
"193",16,"freq","observed",-0.0136090631135374,10,200
"194",16,"freq","recoverable",0.457575100941036,10,200
"195",16,"fitree","observed",0.911807228607009,10,200
"196",16,"fitree","recoverable",0.409392052796984,10,200
"197",16,"Diffusion_subclone","observed",-0.0680453155676872,10,200
"198",16,"Diffusion_subclone","recoverable",0.447662358622392,10,200
"199",16,"Diffusion_mutation","observed",0.805919211778503,10,200
"200",16,"Diffusion_mutation","recoverable",0.621758290090382,10,200
"201",16,"scifil","observed",0.645332992803227,10,200
"202",16,"scifil","recoverable",0.463787690324504,10,200
"203",16,"fitclone","observed",0.268508122642523,10,200
"204",16,"fitclone","recoverable",0.434273069582955,10,200
"205",17,"freq","observed",0.282536446370054,10,200
"206",17,"freq","recoverable",0.646933656709678,10,200
"207",17,"fitree","observed",0.930736076925492,10,200
"208",17,"fitree","recoverable",0.799059610821314,10,200
"209",17,"Diffusion_subclone","observed",0.25051375987074,10,200
"210",17,"Diffusion_subclone","recoverable",0.638904986882949,10,200
"211",17,"Diffusion_mutation","observed",0.515056244634146,10,200
"212",17,"Diffusion_mutation","recoverable",0.426625210613793,10,200
"213",17,"scifil","observed",0.782619344090906,10,200
"214",17,"scifil","recoverable",0.693544751133329,10,200
"215",17,"fitclone","observed",0.39256410828439,10,200
"216",17,"fitclone","recoverable",0.639299851499303,10,200
"217",18,"freq","observed",0.0931444735172102,10,200
"218",18,"freq","recoverable",0.663776436054895,10,200
"219",18,"fitree","observed",0.687883597359473,10,200
"220",18,"fitree","recoverable",0.677829536404193,10,200
"221",18,"Diffusion_subclone","observed",0.153900127700557,10,200
"222",18,"Diffusion_subclone","recoverable",0.674840611664004,10,200
"223",18,"Diffusion_mutation","observed",0.768353458764462,10,200
"224",18,"Diffusion_mutation","recoverable",0.593168208615518,10,200
"225",18,"scifil","observed",0.792243584712802,10,200
"226",18,"scifil","recoverable",0.644117636097598,10,200
"227",18,"fitclone","observed",0.569865450522267,10,200
"228",18,"fitclone","recoverable",0.735731561479288,10,200
"229",19,"freq","observed",-0.0464661144543412,10,200
"230",19,"freq","recoverable",0.552119333652179,10,200
"231",19,"fitree","observed",0.784062186293895,10,200
"232",19,"fitree","recoverable",0.742619083662864,10,200
"233",19,"Diffusion_subclone","observed",-0.0644681993646438,10,200
"234",19,"Diffusion_subclone","recoverable",0.548215041301494,10,200
"235",19,"Diffusion_mutation","observed",0.699243583742787,10,200
"236",19,"Diffusion_mutation","recoverable",0.694957128330075,10,200
"237",19,"scifil","observed",0.894072133293876,10,200
"238",19,"scifil","recoverable",0.732246424375132,10,200
"239",19,"fitclone","observed",0.33046214808481,10,200
"240",19,"fitclone","recoverable",0.628098348217586,10,200
"241",20,"freq","observed",0.260233599935673,10,200
"242",20,"freq","recoverable",0.508873480953936,10,200
"243",20,"fitree","observed",0.931611869855141,10,200
"244",20,"fitree","recoverable",0.789452981279144,10,200
"245",20,"Diffusion_subclone","observed",0.259461393407674,10,200
"246",20,"Diffusion_subclone","recoverable",0.509452601792622,10,200
"247",20,"Diffusion_mutation","observed",0.667894048602842,10,200
"248",20,"Diffusion_mutation","recoverable",0.445719806361647,10,200
"249",20,"scifil","observed",0.895759572478875,10,200
"250",20,"scifil","recoverable",0.595505540835397,10,200
"251",20,"fitclone","observed",0.247878295487689,10,200
"252",20,"fitclone","recoverable",0.512174469734449,10,200
"253",21,"freq","observed",0.33973217800712,10,200
"254",21,"freq","recoverable",0.604568154520926,10,200
"255",21,"fitree","observed",0.811627196875159,10,200
"256",21,"fitree","recoverable",0.52162451048431,10,200
"257",21,"Diffusion_subclone","observed",0.363849809912127,10,200
"258",21,"Diffusion_subclone","recoverable",0.610112887154559,10,200
"259",21,"Diffusion_mutation","observed",0.793312385051631,10,200
"260",21,"Diffusion_mutation","recoverable",0.685319246266437,10,200
"261",21,"scifil","observed",0.687811583975104,10,200
"262",21,"scifil","recoverable",0.540060173264042,10,200
"263",21,"fitclone","observed",0.189508008068955,10,200
"264",21,"fitclone","recoverable",0.579935678784296,10,200
"265",22,"freq","observed",0.287232475135676,10,200
"266",22,"freq","recoverable",0.608534724156045,10,200
"267",22,"fitree","observed",0.853473817908439,10,200
"268",22,"fitree","recoverable",0.673271640039839,10,200
"269",22,"Diffusion_subclone","observed",0.293900812907528,10,200
"270",22,"Diffusion_subclone","recoverable",0.611597468030243,10,200
"271",22,"Diffusion_mutation","observed",0.775323512015568,10,200
"272",22,"Diffusion_mutation","recoverable",0.502794286839386,10,200
"273",22,"scifil","observed",0.872564346220417,10,200
"274",22,"scifil","recoverable",0.560300909151816,10,200
"275",22,"fitclone","observed",0.271806948378484,10,200
"276",22,"fitclone","recoverable",0.559369995955308,10,200
"277",23,"freq","observed",0.0887620802090851,10,200
"278",23,"freq","recoverable",0.447962581297898,10,200
"279",23,"fitree","observed",0.848470175328235,10,200
"280",23,"fitree","recoverable",0.677649876519844,10,200
"281",23,"Diffusion_subclone","observed",0.0678096578421337,10,200
"282",23,"Diffusion_subclone","recoverable",0.443606550402616,10,200
"283",23,"Diffusion_mutation","observed",0.593852166977064,10,200
"284",23,"Diffusion_mutation","recoverable",0.496978668356133,10,200
"285",23,"scifil","observed",0.839741383961938,10,200
"286",23,"scifil","recoverable",0.673794918511585,10,200
"287",23,"fitclone","observed",0.274352088881051,10,200
"288",23,"fitclone","recoverable",0.512404018788038,10,200
"289",24,"freq","observed",0.188243348861069,10,200
"290",24,"freq","recoverable",0.576673580243362,10,200
"291",24,"fitree","observed",0.720762831571301,10,200
"292",24,"fitree","recoverable",0.767412477130272,10,200
"293",24,"Diffusion_subclone","observed",0.269594207066524,10,200
"294",24,"Diffusion_subclone","recoverable",0.597238762280727,10,200
"295",24,"Diffusion_mutation","observed",0.467578043955978,10,200
"296",24,"Diffusion_mutation","recoverable",0.417472918198656,10,200
"297",24,"scifil","observed",0.722204499814277,10,200
"298",24,"scifil","recoverable",0.621467015129814,10,200
"299",24,"fitclone","observed",-0.00551769142472707,10,200
"300",24,"fitclone","recoverable",0.520451349009961,10,200
"301",25,"freq","observed",0.247279732992199,10,200
"302",25,"freq","recoverable",0.611315704063789,10,200
"303",25,"fitree","observed",0.862074616111061,10,200
"304",25,"fitree","recoverable",0.53400197233044,10,200
"305",25,"Diffusion_subclone","observed",0.293450455130778,10,200
"306",25,"Diffusion_subclone","recoverable",0.617553991668665,10,200
"307",25,"Diffusion_mutation","observed",0.783023048945012,10,200
"308",25,"Diffusion_mutation","recoverable",0.256495607790501,10,200
"309",25,"scifil","observed",0.831072998494429,10,200
"310",25,"scifil","recoverable",0.46978032373973,10,200
"311",25,"fitclone","observed",-0.189566330318975,10,200
"312",25,"fitclone","recoverable",0.544326413867704,10,200
"313",26,"freq","observed",0.257348523081674,10,200
"314",26,"freq","recoverable",0.622011392120814,10,200
"315",26,"fitree","observed",0.92646685436423,10,200
"316",26,"fitree","recoverable",0.741385284973161,10,200
"317",26,"Diffusion_subclone","observed",0.304313941915149,10,200
"318",26,"Diffusion_subclone","recoverable",0.627262620584314,10,200
"319",26,"Diffusion_mutation","observed",0.826402344352993,10,200
"320",26,"Diffusion_mutation","recoverable",0.619004306140721,10,200
"321",26,"scifil","observed",0.880532940234628,10,200
"322",26,"scifil","recoverable",0.561496548807566,10,200
"323",26,"fitclone","observed",0.142818817505305,10,200
"324",26,"fitclone","recoverable",0.581621225468061,10,200
"325",27,"freq","observed",-0.00827397924046219,10,200
"326",27,"freq","recoverable",0.530936903838787,10,200
"327",27,"fitree","observed",0.898317746107323,10,200
"328",27,"fitree","recoverable",0.726988373217874,10,200
"329",27,"Diffusion_subclone","observed",-0.0341662009881659,10,200
"330",27,"Diffusion_subclone","recoverable",0.524301520525113,10,200
"331",27,"Diffusion_mutation","observed",0.622322744173295,10,200
"332",27,"Diffusion_mutation","recoverable",0.450587670012353,10,200
"333",27,"scifil","observed",0.764752081225576,10,200
"334",27,"scifil","recoverable",0.540161969147808,10,200
"335",27,"fitclone","observed",0.664451190024871,10,200
"336",27,"fitclone","recoverable",0.673070961598202,10,200
"337",28,"freq","observed",0.0741414045579208,10,200
"338",28,"freq","recoverable",0.304505160247749,10,200
"339",28,"fitree","observed",0.729022724483176,10,200
"340",28,"fitree","recoverable",0.360439114010613,10,200
"341",28,"Diffusion_subclone","observed",0.0669131339185692,10,200
"342",28,"Diffusion_subclone","recoverable",0.302492591243776,10,200
"343",28,"Diffusion_mutation","observed",0.494000667695116,10,200
"344",28,"Diffusion_mutation","recoverable",0.238921255520679,10,200
"345",28,"scifil","observed",0.590446450225893,10,200
"346",28,"scifil","recoverable",0.31548038106337,10,200
"347",28,"fitclone","observed",0.120195814631504,10,200
"348",28,"fitclone","recoverable",0.308549327982249,10,200
"349",29,"freq","observed",0.752578675669711,10,200
"350",29,"freq","recoverable",0.172080436221209,10,200
"351",29,"fitree","observed",-0.177808268778393,10,200
"352",29,"fitree","recoverable",0.0506741678555802,10,200
"353",29,"Diffusion_subclone","observed",0.752578675669711,10,200
"354",29,"Diffusion_subclone","recoverable",0.172080436221209,10,200
"355",29,"Diffusion_mutation","observed",0.39648047303575,10,200
"356",29,"Diffusion_mutation","recoverable",0.207557590008195,10,200
"357",29,"scifil","observed",-0.130324599933048,10,200
"358",29,"scifil","recoverable",-0.0637274811532699,10,200
"359",29,"fitclone","observed",0.424013839218788,10,200
"360",29,"fitclone","recoverable",0.142431226267016,10,200
"361",30,"freq","observed",0.101676494839346,10,200
"362",30,"freq","recoverable",0.513421771514552,10,200
"363",30,"fitree","observed",0.797959603875959,10,200
"364",30,"fitree","recoverable",0.462852405759672,10,200
"365",30,"Diffusion_subclone","observed",0.0584455932593659,10,200
"366",30,"Diffusion_subclone","recoverable",0.505144322208273,10,200
"367",30,"Diffusion_mutation","observed",0.660748402148495,10,200
"368",30,"Diffusion_mutation","recoverable",0.423692482137212,10,200
"369",30,"scifil","observed",0.689175025810762,10,200
"370",30,"scifil","recoverable",0.367956960281028,10,200
"371",30,"fitclone","observed",0.0874603283876438,10,200
"372",30,"fitclone","recoverable",0.486018330540569,10,200
"373",31,"freq","observed",0.31806862737882,10,200
"374",31,"freq","recoverable",0.554953022790459,10,200
"375",31,"fitree","observed",0.948838799550222,10,200
"376",31,"fitree","recoverable",0.536836348438974,10,200
"377",31,"Diffusion_subclone","observed",0.366177753620287,10,200
"378",31,"Diffusion_subclone","recoverable",0.563578449551524,10,200
"379",31,"Diffusion_mutation","observed",0.81496427633465,10,200
"380",31,"Diffusion_mutation","recoverable",0.622305172432077,10,200
"381",31,"scifil","observed",0.853500768138777,10,200
"382",31,"scifil","recoverable",0.55686302102718,10,200
"383",31,"fitclone","observed",-0.257495996929719,10,200
"384",31,"fitclone","recoverable",0.45885970053276,10,200
"385",32,"freq","observed",0.0528047678888699,10,200
"386",32,"freq","recoverable",0.530816900203774,10,200
"387",32,"fitree","observed",0.802629521439249,10,200
"388",32,"fitree","recoverable",0.55340569247792,10,200
"389",32,"Diffusion_subclone","observed",0.066598729962055,10,200
"390",32,"Diffusion_subclone","recoverable",0.53176733336341,10,200
"391",32,"Diffusion_mutation","observed",0.598106662395505,10,200
"392",32,"Diffusion_mutation","recoverable",0.31945604879416,10,200
"393",32,"scifil","observed",0.595775533354858,10,200
"394",32,"scifil","recoverable",0.201248076746184,10,200
"395",32,"fitclone","observed",0.228789602498956,10,200
"396",32,"fitclone","recoverable",0.495332228990394,10,200
"397",33,"freq","observed",0.0651480139174889,10,200
"398",33,"freq","recoverable",0.529736988614648,10,200
"399",33,"fitree","observed",0.753263147697974,10,200
"400",33,"fitree","recoverable",0.67568524782617,10,200
"401",33,"Diffusion_subclone","observed",0.0325740069587445,10,200
"402",33,"Diffusion_subclone","recoverable",0.524735931370233,10,200
"403",33,"Diffusion_mutation","observed",0.536523240066976,10,200
"404",33,"Diffusion_mutation","recoverable",0.419139228487312,10,200
"405",33,"scifil","observed",0.944992733792512,10,200
"406",33,"scifil","recoverable",0.623708831684199,10,200
"407",33,"fitclone","observed",-0.0762370375630189,10,200
"408",33,"fitclone","recoverable",0.498011531720391,10,200
"409",34,"freq","observed",0.139647859509751,10,200
"410",34,"freq","recoverable",0.530402607887489,10,200
"411",34,"fitree","observed",0.923618022221607,10,200
"412",34,"fitree","recoverable",0.805802969916682,10,200
"413",34,"Diffusion_subclone","observed",0.129571435547453,10,200
"414",34,"Diffusion_subclone","recoverable",0.52540083487317,10,200
"415",34,"Diffusion_mutation","observed",0.47287742667675,10,200
"416",34,"Diffusion_mutation","recoverable",0.521839820008446,10,200
"417",34,"scifil","observed",0.783897770143105,10,200
"418",34,"scifil","recoverable",0.679139654061093,10,200
"419",34,"fitclone","observed",-0.0300655307300662,10,200
"420",34,"fitclone","recoverable",0.477164596620828,10,200
"421",35,"freq","observed",0.0145822689309901,10,200
"422",35,"freq","recoverable",0.461671422598412,10,200
"423",35,"fitree","observed",0.866982170987959,10,200
"424",35,"fitree","recoverable",0.671057509112325,10,200
"425",35,"Diffusion_subclone","observed",-0.00961416287468582,10,200
"426",35,"Diffusion_subclone","recoverable",0.459154996755735,10,200
"427",35,"Diffusion_mutation","observed",0.639176069737733,10,200
"428",35,"Diffusion_mutation","recoverable",0.28126856491927,10,200
"429",35,"scifil","observed",0.788768183085375,10,200
"430",35,"scifil","recoverable",0.345129341144816,10,200
"431",35,"fitclone","observed",0.175650057577836,10,200
"432",35,"fitclone","recoverable",0.493412498526104,10,200
"433",36,"freq","observed",0.344840558359094,10,200
"434",36,"freq","recoverable",0.494835295330046,10,200
"435",36,"fitree","observed",0.783703014957464,10,200
"436",36,"fitree","recoverable",0.446787291842354,10,200
"437",36,"Diffusion_subclone","observed",0.34045403658771,10,200
"438",36,"Diffusion_subclone","recoverable",0.495593375804436,10,200
"439",36,"Diffusion_mutation","observed",0.719445447910448,10,200
"440",36,"Diffusion_mutation","recoverable",0.371857557578284,10,200
"441",36,"scifil","observed",0.783620564989568,10,200
"442",36,"scifil","recoverable",0.304604180757113,10,200
"443",36,"fitclone","observed",0.215869556521747,10,200
"444",36,"fitclone","recoverable",0.439200425720371,10,200
"445",37,"freq","observed",0.249331233799585,10,200
"446",37,"freq","recoverable",0.436346073829407,10,200
"447",37,"fitree","observed",0.666469757342363,10,200
"448",37,"fitree","recoverable",0.533988953846193,10,200
"449",37,"Diffusion_subclone","observed",0.28846163627863,10,200
"450",37,"Diffusion_subclone","recoverable",0.448038041034026,10,200
"451",37,"Diffusion_mutation","observed",0.647200177404515,10,200
"452",37,"Diffusion_mutation","recoverable",0.485144913167276,10,200
"453",37,"scifil","observed",0.594311087461941,10,200
"454",37,"scifil","recoverable",0.350780203405583,10,200
"455",37,"fitclone","observed",-0.0964162652870316,10,200
"456",37,"fitclone","recoverable",0.310037821310961,10,200
"457",38,"freq","observed",0.101355789199418,10,200
"458",38,"freq","recoverable",0.539466511734056,10,200
"459",38,"fitree","observed",0.896699096477631,10,200
"460",38,"fitree","recoverable",0.707112046929334,10,200
"461",38,"Diffusion_subclone","observed",0.0900274519893283,10,200
"462",38,"Diffusion_subclone","recoverable",0.539400832162468,10,200
"463",38,"Diffusion_mutation","observed",0.827172309448626,10,200
"464",38,"Diffusion_mutation","recoverable",0.648391201111478,10,200
"465",38,"scifil","observed",0.875984995600115,10,200
"466",38,"scifil","recoverable",0.671987379576282,10,200
"467",38,"fitclone","observed",0.00234499255217163,10,200
"468",38,"fitclone","recoverable",0.478063682842542,10,200
"469",39,"freq","observed",0.20557313495088,10,200
"470",39,"freq","recoverable",0.637118424872686,10,200
"471",39,"fitree","observed",0.887893810924024,10,200
"472",39,"fitree","recoverable",0.804572152539066,10,200
"473",39,"Diffusion_subclone","observed",0.213997548914341,10,200
"474",39,"Diffusion_subclone","recoverable",0.639524504480149,10,200
"475",39,"Diffusion_mutation","observed",0.78911650031516,10,200
"476",39,"Diffusion_mutation","recoverable",0.58827611443008,10,200
"477",39,"scifil","observed",0.871125574721213,10,200
"478",39,"scifil","recoverable",0.612337924383072,10,200
"479",39,"fitclone","observed",0.190210926884539,10,200
"480",39,"fitclone","recoverable",0.611202531570998,10,200
"481",40,"freq","observed",0.259511883287613,10,200
"482",40,"freq","recoverable",0.711640811028597,10,200
"483",40,"fitree","observed",0.960629014951554,10,200
"484",40,"fitree","recoverable",0.795822100191046,10,200
"485",40,"Diffusion_subclone","observed",0.263134182755237,10,200
"486",40,"Diffusion_subclone","recoverable",0.713881866464397,10,200
"487",40,"Diffusion_mutation","observed",0.885034543862263,10,200
"488",40,"Diffusion_mutation","recoverable",0.665170480515457,10,200
"489",40,"scifil","observed",0.860554859236891,10,200
"490",40,"scifil","recoverable",0.685421685026275,10,200
"491",40,"fitclone","observed",-0.13790611544596,10,200
"492",40,"fitclone","recoverable",0.586501121174816,10,200
"493",41,"freq","observed",0.0347520477446177,10,200
"494",41,"freq","recoverable",0.577063670298918,10,200
"495",41,"fitree","observed",0.926255970979665,10,200
"496",41,"fitree","recoverable",0.850832003515418,10,200
"497",41,"Diffusion_subclone","observed",0.0532361197655516,10,200
"498",41,"Diffusion_subclone","recoverable",0.579865286776109,10,200
"499",41,"Diffusion_mutation","observed",0.777644068491334,10,200
"500",41,"Diffusion_mutation","recoverable",0.666799241933633,10,200
"501",41,"scifil","observed",0.833069553064033,10,200
"502",41,"scifil","recoverable",0.594558297551824,10,200
"503",41,"fitclone","observed",0.271137900370694,10,200
"504",41,"fitclone","recoverable",0.620183303531312,10,200
"505",42,"freq","observed",0.0915635677623396,10,200
"506",42,"freq","recoverable",0.644680913951645,10,200
"507",42,"fitree","observed",0.829898882355024,10,200
"508",42,"fitree","recoverable",0.792855563618651,10,200
"509",42,"Diffusion_subclone","observed",0.102503630404074,10,200
"510",42,"Diffusion_subclone","recoverable",0.647377133813625,10,200
"511",42,"Diffusion_mutation","observed",0.44093208995163,10,200
"512",42,"Diffusion_mutation","recoverable",0.682185607849234,10,200
"513",42,"scifil","observed",0.834179776432224,10,200
"514",42,"scifil","recoverable",0.76261533924838,10,200
"515",42,"fitclone","observed",0.137377924951603,10,200
"516",42,"fitclone","recoverable",0.634852864637635,10,200
"517",43,"freq","observed",0.445527842200913,10,200
"518",43,"freq","recoverable",0.474782381057843,10,200
"519",43,"fitree","observed",0.658774613293778,10,200
"520",43,"fitree","recoverable",0.518029524602741,10,200
"521",43,"Diffusion_subclone","observed",0.439924704831629,10,200
"522",43,"Diffusion_subclone","recoverable",0.471685434648778,10,200
"523",43,"Diffusion_mutation","observed",0.472303444336217,10,200
"524",43,"Diffusion_mutation","recoverable",0.318481380283308,10,200
"525",43,"scifil","observed",0.666286270936892,10,200
"526",43,"scifil","recoverable",0.471463818778955,10,200
"527",43,"fitclone","observed",0.0845392165949101,10,200
"528",43,"fitclone","recoverable",0.349290579621719,10,200
"529",44,"freq","observed",0.277224881464341,10,200
"530",44,"freq","recoverable",0.404025109370524,10,200
"531",44,"fitree","observed",0.800349799029821,10,200
"532",44,"fitree","recoverable",0.212220949238613,10,200
"533",44,"Diffusion_subclone","observed",0.382946234565149,10,200
"534",44,"Diffusion_subclone","recoverable",0.416586751665523,10,200
"535",44,"Diffusion_mutation","observed",0.807397889236542,10,200
"536",44,"Diffusion_mutation","recoverable",0.414324598052854,10,200
"537",44,"scifil","observed",0.703242778403893,10,200
"538",44,"scifil","recoverable",0.0997728250044914,10,200
"539",44,"fitclone","observed",-0.113552564441609,10,200
"540",44,"fitclone","recoverable",0.35423010249525,10,200
"541",45,"freq","observed",0.112896829201623,10,200
"542",45,"freq","recoverable",0.647909678282895,10,200
"543",45,"fitree","observed",0.906243357211248,10,200
"544",45,"fitree","recoverable",0.793922150087405,10,200
"545",45,"Diffusion_subclone","observed",0.0959338979987907,10,200
"546",45,"Diffusion_subclone","recoverable",0.645578261545596,10,200
"547",45,"Diffusion_mutation","observed",0.781931966516063,10,200
"548",45,"Diffusion_mutation","recoverable",0.539426748703485,10,200
"549",45,"scifil","observed",0.853259788207518,10,200
"550",45,"scifil","recoverable",0.648010499200226,10,200
"551",45,"fitclone","observed",0.233991055778776,10,200
"552",45,"fitclone","recoverable",0.664788913564763,10,200
"553",46,"freq","observed",0.293890533018189,10,200
"554",46,"freq","recoverable",0.592366913178143,10,200
"555",46,"fitree","observed",0.568523718060451,10,200
"556",46,"fitree","recoverable",0.548855064336793,10,200
"557",46,"Diffusion_subclone","observed",0.264096277846029,10,200
"558",46,"Diffusion_subclone","recoverable",0.58042764544389,10,200
"559",46,"Diffusion_mutation","observed",0.534067611874944,10,200
"560",46,"Diffusion_mutation","recoverable",0.473246442378322,10,200
"561",46,"scifil","observed",0.497444884354388,10,200
"562",46,"scifil","recoverable",0.407021369367008,10,200
"563",46,"fitclone","observed",0.38908605066848,10,200
"564",46,"fitclone","recoverable",0.581895264428446,10,200
"565",47,"freq","observed",0.675195340320074,10,200
"566",47,"freq","recoverable",0.450586654734672,10,200
"567",47,"fitree","observed",0.658537526546838,10,200
"568",47,"fitree","recoverable",0.597818757231288,10,200
"569",47,"Diffusion_subclone","observed",0.672133229933136,10,200
"570",47,"Diffusion_subclone","recoverable",0.449205421694869,10,200
"571",47,"Diffusion_mutation","observed",0.85305661622399,10,200
"572",47,"Diffusion_mutation","recoverable",0.552194055898033,10,200
"573",47,"scifil","observed",0.630794739709457,10,200
"574",47,"scifil","recoverable",0.263481551165977,10,200
"575",47,"fitclone","observed",0.176836874845734,10,200
"576",47,"fitclone","recoverable",0.373938603592103,10,200
"577",48,"freq","observed",0.293290968541433,10,200
"578",48,"freq","recoverable",0.560745619809984,10,200
"579",48,"fitree","observed",0.722213853995654,10,200
"580",48,"fitree","recoverable",0.685931330993696,10,200
"581",48,"Diffusion_subclone","observed",0.322485836119356,10,200
"582",48,"Diffusion_subclone","recoverable",0.5707619031167,10,200
"583",48,"Diffusion_mutation","observed",0.636582342474941,10,200
"584",48,"Diffusion_mutation","recoverable",0.60348919107286,10,200
"585",48,"scifil","observed",0.803530004773983,10,200
"586",48,"scifil","recoverable",0.56843629547003,10,200
"587",48,"fitclone","observed",0.0639266927999348,10,200
"588",48,"fitclone","recoverable",0.452166383478753,10,200
"589",49,"freq","observed",0.0925288873185998,10,200
"590",49,"freq","recoverable",0.566456837809755,10,200
"591",49,"fitree","observed",0.943826616187239,10,200
"592",49,"fitree","recoverable",0.768906844356482,10,200
"593",49,"Diffusion_subclone","observed",0.113877171950089,10,200
"594",49,"Diffusion_subclone","recoverable",0.57048289659312,10,200
"595",49,"Diffusion_mutation","observed",0.756969629743211,10,200
"596",49,"Diffusion_mutation","recoverable",0.572785319783119,10,200
"597",49,"scifil","observed",0.92812139014473,10,200
"598",49,"scifil","recoverable",0.663058961934324,10,200
"599",49,"fitclone","observed",0.0830871641228243,10,200
"600",49,"fitclone","recoverable",0.544611091003775,10,200
"601",50,"freq","observed",0.104354395916625,10,200
"602",50,"freq","recoverable",0.606018242212847,10,200
"603",50,"fitree","observed",0.96161974655314,10,200
"604",50,"fitree","recoverable",0.738779054213265,10,200
"605",50,"Diffusion_subclone","observed",0.205995084138019,10,200
"606",50,"Diffusion_subclone","recoverable",0.62564842234075,10,200
"607",50,"Diffusion_mutation","observed",0.877514388358004,10,200
"608",50,"Diffusion_mutation","recoverable",0.590891193774197,10,200
"609",50,"scifil","observed",0.864192550581414,10,200
"610",50,"scifil","recoverable",0.616235405397063,10,200
"611",50,"fitclone","observed",0.0212162601627181,10,200
"612",50,"fitclone","recoverable",0.56252520712374,10,200
"613",51,"freq","observed",-0.0136690039224138,10,200
"614",51,"freq","recoverable",0.573315164767538,10,200
"615",51,"fitree","observed",0.916945345213268,10,200
"616",51,"fitree","recoverable",0.704063443779295,10,200
"617",51,"Diffusion_subclone","observed",0.00867063681645653,10,200
"618",51,"Diffusion_subclone","recoverable",0.579038287981786,10,200
"619",51,"Diffusion_mutation","observed",0.634295784478307,10,200
"620",51,"Diffusion_mutation","recoverable",0.654502159812352,10,200
"621",51,"scifil","observed",0.890570475292578,10,200
"622",51,"scifil","recoverable",0.623680412477449,10,200
"623",51,"fitclone","observed",0.3215276146526,10,200
"624",51,"fitclone","recoverable",0.625992371448556,10,200
"625",52,"freq","observed",0.498196345975154,10,200
"626",52,"freq","recoverable",0.58016741510232,10,200
"627",52,"fitree","observed",0.871936122016599,10,200
"628",52,"fitree","recoverable",0.522453156784531,10,200
"629",52,"Diffusion_subclone","observed",0.521167475063103,10,200
"630",52,"Diffusion_subclone","recoverable",0.58568910897452,10,200
"631",52,"Diffusion_mutation","observed",0.765296841143496,10,200
"632",52,"Diffusion_mutation","recoverable",0.535167693279151,10,200
"633",52,"scifil","observed",0.750507309980553,10,200
"634",52,"scifil","recoverable",0.424609001800433,10,200
"635",52,"fitclone","observed",0.289065417160957,10,200
"636",52,"fitclone","recoverable",0.507746289819314,10,200
"637",53,"freq","observed",0.090299935297252,10,200
"638",53,"freq","recoverable",0.574371698490197,10,200
"639",53,"fitree","observed",0.863125476442828,10,200
"640",53,"fitree","recoverable",0.730045772674668,10,200
"641",53,"Diffusion_subclone","observed",0.122748577344519,10,200
"642",53,"Diffusion_subclone","recoverable",0.583084515225759,10,200
"643",53,"Diffusion_mutation","observed",0.849802216489192,10,200
"644",53,"Diffusion_mutation","recoverable",0.647014101329228,10,200
"645",53,"scifil","observed",0.877596701769802,10,200
"646",53,"scifil","recoverable",0.568646952798373,10,200
"647",53,"fitclone","observed",-0.0415342618205019,10,200
"648",53,"fitclone","recoverable",0.523504715833511,10,200
"649",54,"freq","observed",0.114199419365471,10,200
"650",54,"freq","recoverable",0.41290264941652,10,200
"651",54,"fitree","observed",0.833298888182424,10,200
"652",54,"fitree","recoverable",0.786205404116278,10,200
"653",54,"Diffusion_subclone","observed",0.155768536715518,10,200
"654",54,"Diffusion_subclone","recoverable",0.432484726931522,10,200
"655",54,"Diffusion_mutation","observed",0.436692654343091,10,200
"656",54,"Diffusion_mutation","recoverable",0.426571531930104,10,200
"657",54,"scifil","observed",0.770358091960867,10,200
"658",54,"scifil","recoverable",0.593245303627977,10,200
"659",54,"fitclone","observed",0.0603558993000385,10,200
"660",54,"fitclone","recoverable",0.341694736753975,10,200
"661",55,"freq","observed",-0.0472303971983693,10,200
"662",55,"freq","recoverable",0.546762773306628,10,200
"663",55,"fitree","observed",0.802198119761183,10,200
"664",55,"fitree","recoverable",0.627611758513424,10,200
"665",55,"Diffusion_subclone","observed",-0.00484656261930369,10,200
"666",55,"Diffusion_subclone","recoverable",0.553973844438474,10,200
"667",55,"Diffusion_mutation","observed",0.750815409379759,10,200
"668",55,"Diffusion_mutation","recoverable",0.538245541268471,10,200
"669",55,"scifil","observed",0.800958629464889,10,200
"670",55,"scifil","recoverable",0.575181216143828,10,200
"671",55,"fitclone","observed",0.419619145712547,10,200
"672",55,"fitclone","recoverable",0.603754597627948,10,200
"673",56,"freq","observed",0.382901072281349,10,200
"674",56,"freq","recoverable",0.629522927241862,10,200
"675",56,"fitree","observed",0.601747974800676,10,200
"676",56,"fitree","recoverable",0.785582530895183,10,200
"677",56,"Diffusion_subclone","observed",0.442466317514315,10,200
"678",56,"Diffusion_subclone","recoverable",0.640033012269793,10,200
"679",56,"Diffusion_mutation","observed",0.515879019870513,10,200
"680",56,"Diffusion_mutation","recoverable",0.500903637810648,10,200
"681",56,"scifil","observed",0.721145091098015,10,200
"682",56,"scifil","recoverable",0.5543071284378,10,200
"683",56,"fitclone","observed",0.0911025101528724,10,200
"684",56,"fitclone","recoverable",0.596031185046641,10,200
"685",57,"freq","observed",0.262152014893998,10,200
"686",57,"freq","recoverable",0.560862555794266,10,200
"687",57,"fitree","observed",0.880225272401046,10,200
"688",57,"fitree","recoverable",0.765374646016654,10,200
"689",57,"Diffusion_subclone","observed",0.260267358706423,10,200
"690",57,"Diffusion_subclone","recoverable",0.556247629626983,10,200
"691",57,"Diffusion_mutation","observed",0.658698196685041,10,200
"692",57,"Diffusion_mutation","recoverable",0.674172373095383,10,200
"693",57,"scifil","observed",0.729373835164039,10,200
"694",57,"scifil","recoverable",0.655756590502053,10,200
"695",57,"fitclone","observed",-0.00409551413313141,10,200
"696",57,"fitclone","recoverable",0.429601259723295,10,200
"697",58,"freq","observed",0.327024176874371,10,200
"698",58,"freq","recoverable",0.565292302450502,10,200
"699",58,"fitree","observed",0.830571092027339,10,200
"700",58,"fitree","recoverable",0.629051284682556,10,200
"701",58,"Diffusion_subclone","observed",0.397738112150269,10,200
"702",58,"Diffusion_subclone","recoverable",0.579633626222829,10,200
"703",58,"Diffusion_mutation","observed",0.895627292185895,10,200
"704",58,"Diffusion_mutation","recoverable",0.715992040553509,10,200
"705",58,"scifil","observed",0.795935873645511,10,200
"706",58,"scifil","recoverable",0.576017498717321,10,200
"707",58,"fitclone","observed",-0.28074001262997,10,200
"708",58,"fitclone","recoverable",0.407797606512719,10,200
"709",59,"freq","observed",0.455350791623429,10,200
"710",59,"freq","recoverable",0.380286179392689,10,200
"711",59,"fitree","observed",0.921822788489175,10,200
"712",59,"fitree","recoverable",0.603913140622603,10,200
"713",59,"Diffusion_subclone","observed",0.466444609359548,10,200
"714",59,"Diffusion_subclone","recoverable",0.383937900507156,10,200
"715",59,"Diffusion_mutation","observed",0.794412769477547,10,200
"716",59,"Diffusion_mutation","recoverable",0.504738519046345,10,200
"717",59,"scifil","observed",0.706474484013758,10,200
"718",59,"scifil","recoverable",0.376620335965887,10,200
"719",59,"fitclone","observed",0.0123575319696507,10,200
"720",59,"fitclone","recoverable",0.342617251519973,10,200
"721",60,"freq","observed",0.273464258468373,10,200
"722",60,"freq","recoverable",0.491785380177273,10,200
"723",60,"fitree","observed",0.894066436812536,10,200
"724",60,"fitree","recoverable",0.660098053060097,10,200
"725",60,"Diffusion_subclone","observed",0.274186452825066,10,200
"726",60,"Diffusion_subclone","recoverable",0.488022252047107,10,200
"727",60,"Diffusion_mutation","observed",0.514107394914917,10,200
"728",60,"Diffusion_mutation","recoverable",0.425703300597069,10,200
"729",60,"scifil","observed",0.756279818149808,10,200
"730",60,"scifil","recoverable",0.603432715632231,10,200
"731",60,"fitclone","observed",0.00878802733413672,10,200
"732",60,"fitclone","recoverable",0.358950337523029,10,200
"733",61,"freq","observed",0.0689427264152368,10,200
"734",61,"freq","recoverable",0.695504477396169,10,200
"735",61,"fitree","observed",0.818256000112446,10,200
"736",61,"fitree","recoverable",0.729219519996561,10,200
"737",61,"Diffusion_subclone","observed",0.0613841136073257,10,200
"738",61,"Diffusion_subclone","recoverable",0.694777055536549,10,200
"739",61,"Diffusion_mutation","observed",0.637613529161185,10,200
"740",61,"Diffusion_mutation","recoverable",0.498656172353025,10,200
"741",61,"scifil","observed",0.811694623620166,10,200
"742",61,"scifil","recoverable",0.748554401314351,10,200
"743",61,"fitclone","observed",-0.112909063555194,10,200
"744",61,"fitclone","recoverable",0.613312708451733,10,200
"745",62,"freq","observed",0.34733144852313,10,200
"746",62,"freq","recoverable",0.455964906579026,10,200
"747",62,"fitree","observed",0.803481192897904,10,200
"748",62,"fitree","recoverable",0.587880739144175,10,200
"749",62,"Diffusion_subclone","observed",0.286957568892108,10,200
"750",62,"Diffusion_subclone","recoverable",0.444283893592848,10,200
"751",62,"Diffusion_mutation","observed",0.731866643965845,10,200
"752",62,"Diffusion_mutation","recoverable",0.509545427212751,10,200
"753",62,"scifil","observed",0.795182592742877,10,200
"754",62,"scifil","recoverable",0.42902697991025,10,200
"755",62,"fitclone","observed",0.335663983844059,10,200
"756",62,"fitclone","recoverable",0.458625796916344,10,200
"757",63,"freq","observed",0.10083654830003,10,200
"758",63,"freq","recoverable",0.575270598329659,10,200
"759",63,"fitree","observed",0.891928872241926,10,200
"760",63,"fitree","recoverable",0.822734963498252,10,200
"761",63,"Diffusion_subclone","observed",0.0532845506860365,10,200
"762",63,"Diffusion_subclone","recoverable",0.55782694332196,10,200
"763",63,"Diffusion_mutation","observed",0.632942635048443,10,200
"764",63,"Diffusion_mutation","recoverable",0.590933978202313,10,200
"765",63,"scifil","observed",0.670740170775238,10,200
"766",63,"scifil","recoverable",0.606257234696972,10,200
"767",63,"fitclone","observed",-0.0445938364905213,10,200
"768",63,"fitclone","recoverable",0.541655580154382,10,200
"769",64,"freq","observed",0.133725854880083,10,200
"770",64,"freq","recoverable",0.521729222051728,10,200
"771",64,"fitree","observed",0.856667620402692,10,200
"772",64,"fitree","recoverable",0.712043696816291,10,200
"773",64,"Diffusion_subclone","observed",0.16273662918258,10,200
"774",64,"Diffusion_subclone","recoverable",0.525184465369935,10,200
"775",64,"Diffusion_mutation","observed",0.817136809520342,10,200
"776",64,"Diffusion_mutation","recoverable",0.629690222694999,10,200
"777",64,"scifil","observed",0.888160722216915,10,200
"778",64,"scifil","recoverable",0.638661911857073,10,200
"779",64,"fitclone","observed",0.494767832577537,10,200
"780",64,"fitclone","recoverable",0.596618371636586,10,200
"781",65,"freq","observed",0.198129234941797,10,200
"782",65,"freq","recoverable",0.60587058373443,10,200
"783",65,"fitree","observed",0.883633861240778,10,200
"784",65,"fitree","recoverable",0.867816291087222,10,200
"785",65,"Diffusion_subclone","observed",0.151809641883415,10,200
"786",65,"Diffusion_subclone","recoverable",0.592933460023199,10,200
"787",65,"Diffusion_mutation","observed",0.396329079019354,10,200
"788",65,"Diffusion_mutation","recoverable",0.488145954305737,10,200
"789",65,"scifil","observed",0.724237905487531,10,200
"790",65,"scifil","recoverable",0.673850215600272,10,200
"791",65,"fitclone","observed",0.0357282226944224,10,200
"792",65,"fitclone","recoverable",0.543007349410957,10,200
"793",66,"freq","observed",0.508369711827449,10,200
"794",66,"freq","recoverable",0.615500330303523,10,200
"795",66,"fitree","observed",0.840112373636847,10,200
"796",66,"fitree","recoverable",0.68429541367846,10,200
"797",66,"Diffusion_subclone","observed",0.512127734168258,10,200
"798",66,"Diffusion_subclone","recoverable",0.613664659768767,10,200
"799",66,"Diffusion_mutation","observed",0.671649407468218,10,200
"800",66,"Diffusion_mutation","recoverable",0.430503288960242,10,200
"801",66,"scifil","observed",0.72862068187125,10,200
"802",66,"scifil","recoverable",0.572720521942733,10,200
"803",66,"fitclone","observed",0.382775296860692,10,200
"804",66,"fitclone","recoverable",0.579581866510759,10,200
"805",67,"freq","observed",0.257803446678392,10,200
"806",67,"freq","recoverable",0.606504103197453,10,200
"807",67,"fitree","observed",0.977384878193518,10,200
"808",67,"fitree","recoverable",0.851225568623008,10,200
"809",67,"Diffusion_subclone","observed",0.262186175961107,10,200
"810",67,"Diffusion_subclone","recoverable",0.605902945107272,10,200
"811",67,"Diffusion_mutation","observed",0.809808461154486,10,200
"812",67,"Diffusion_mutation","recoverable",0.709053547513114,10,200
"813",67,"scifil","observed",0.924723293304954,10,200
"814",67,"scifil","recoverable",0.612185935276852,10,200
"815",67,"fitclone","observed",0.399789590361487,10,200
"816",67,"fitclone","recoverable",0.60900537326959,10,200
"817",68,"freq","observed",0.169508307368951,10,200
"818",68,"freq","recoverable",0.696189317959177,10,200
"819",68,"fitree","observed",0.920421322024314,10,200
"820",68,"fitree","recoverable",0.869904199139599,10,200
"821",68,"Diffusion_subclone","observed",0.200195156116778,10,200
"822",68,"Diffusion_subclone","recoverable",0.70536620002467,10,200
"823",68,"Diffusion_mutation","observed",0.795979393728661,10,200
"824",68,"Diffusion_mutation","recoverable",0.789321176198749,10,200
"825",68,"scifil","observed",0.809840211138034,10,200
"826",68,"scifil","recoverable",0.742555916821658,10,200
"827",68,"fitclone","observed",0.0758474983395275,10,200
"828",68,"fitclone","recoverable",0.626584741233276,10,200
"829",69,"freq","observed",0.222124170360994,10,200
"830",69,"freq","recoverable",0.58482177217398,10,200
"831",69,"fitree","observed",0.596397392065788,10,200
"832",69,"fitree","recoverable",0.602011132827557,10,200
"833",69,"Diffusion_subclone","observed",0.295974416562052,10,200
"834",69,"Diffusion_subclone","recoverable",0.59716841076398,10,200
"835",69,"Diffusion_mutation","observed",0.725031265445535,10,200
"836",69,"Diffusion_mutation","recoverable",0.671430045850295,10,200
"837",69,"scifil","observed",0.455862046423504,10,200
"838",69,"scifil","recoverable",0.199455436992687,10,200
"839",69,"fitclone","observed",-0.0436344799966638,10,200
"840",69,"fitclone","recoverable",0.480206575176551,10,200
"841",70,"freq","observed",-0.114489944613438,10,200
"842",70,"freq","recoverable",0.433869495242858,10,200
"843",70,"fitree","observed",0.83852902133715,10,200
"844",70,"fitree","recoverable",0.788529773387603,10,200
"845",70,"Diffusion_subclone","observed",-0.0904738510597383,10,200
"846",70,"Diffusion_subclone","recoverable",0.445449302438327,10,200
"847",70,"Diffusion_mutation","observed",0.400188883754338,10,200
"848",70,"Diffusion_mutation","recoverable",0.551275382843312,10,200
"849",70,"scifil","observed",0.83067806652661,10,200
"850",70,"scifil","recoverable",0.681339622578612,10,200
"851",70,"fitclone","observed",0.560158584683084,10,200
"852",70,"fitclone","recoverable",0.68610604889552,10,200
"853",71,"freq","observed",0.0767684255635216,10,200
"854",71,"freq","recoverable",0.620545437017672,10,200
"855",71,"fitree","observed",0.909136291344232,10,200
"856",71,"fitree","recoverable",0.776409471570001,10,200
"857",71,"Diffusion_subclone","observed",0.0831363153712245,10,200
"858",71,"Diffusion_subclone","recoverable",0.623008315028168,10,200
"859",71,"Diffusion_mutation","observed",0.843074214575309,10,200
"860",71,"Diffusion_mutation","recoverable",0.694884416353429,10,200
"861",71,"scifil","observed",0.909215005248185,10,200
"862",71,"scifil","recoverable",0.702038581160832,10,200
"863",71,"fitclone","observed",0.338642686823446,10,200
"864",71,"fitclone","recoverable",0.701956332416505,10,200
"865",72,"freq","observed",0.181051446274705,10,200
"866",72,"freq","recoverable",0.57088181290411,10,200
"867",72,"fitree","observed",0.816346326085473,10,200
"868",72,"fitree","recoverable",0.8133937665411,10,200
"869",72,"Diffusion_subclone","observed",0.14153199843565,10,200
"870",72,"Diffusion_subclone","recoverable",0.557309351958436,10,200
"871",72,"Diffusion_mutation","observed",0.67028316500517,10,200
"872",72,"Diffusion_mutation","recoverable",0.578067374166127,10,200
"873",72,"scifil","observed",0.893948955636446,10,200
"874",72,"scifil","recoverable",0.758640606592308,10,200
"875",72,"fitclone","observed",0.38920630593974,10,200
"876",72,"fitclone","recoverable",0.612592724449246,10,200
"877",73,"freq","observed",0.761979468414501,10,200
"878",73,"freq","recoverable",0.438220549632899,10,200
"879",73,"fitree","observed",0.705742120072419,10,200
"880",73,"fitree","recoverable",0.648016844078549,10,200
"881",73,"Diffusion_subclone","observed",0.774894374658814,10,200
"882",73,"Diffusion_subclone","recoverable",0.44097922913681,10,200
"883",73,"Diffusion_mutation","observed",0.653817128618375,10,200
"884",73,"Diffusion_mutation","recoverable",0.519493715194648,10,200
"885",73,"scifil","observed",0.429582160044081,10,200
"886",73,"scifil","recoverable",0.272329738520032,10,200
"887",73,"fitclone","observed",0.0855612538685774,10,200
"888",73,"fitclone","recoverable",0.325933672950294,10,200
"889",74,"freq","observed",0.749268649265355,10,200
"890",74,"freq","recoverable",0.24135072993196,10,200
"891",74,"fitree","observed",0.761598413113593,10,200
"892",74,"fitree","recoverable",0.295551814621805,10,200
"893",74,"Diffusion_subclone","observed",0.749268649265355,10,200
"894",74,"Diffusion_subclone","recoverable",0.24135072993196,10,200
"895",74,"Diffusion_mutation","observed",0.902868722364753,10,200
"896",74,"Diffusion_mutation","recoverable",0.287269705072848,10,200
"897",74,"scifil","observed",0.383063596936913,10,200
"898",74,"scifil","recoverable",0.21751896733034,10,200
"899",74,"fitclone","observed",0.091785409535006,10,200
"900",74,"fitclone","recoverable",0.178402909778473,10,200
"901",75,"freq","observed",-0.0151390978391855,10,200
"902",75,"freq","recoverable",0.595191505626059,10,200
"903",75,"fitree","observed",0.757459528553914,10,200
"904",75,"fitree","recoverable",0.759667608885592,10,200
"905",75,"Diffusion_subclone","observed",-0.0598153728723464,10,200
"906",75,"Diffusion_subclone","recoverable",0.587880479057811,10,200
"907",75,"Diffusion_mutation","observed",0.837416922170798,10,200
"908",75,"Diffusion_mutation","recoverable",0.687787446675774,10,200
"909",75,"scifil","observed",0.889506104151254,10,200
"910",75,"scifil","recoverable",0.625655660226554,10,200
"911",75,"fitclone","observed",0.204882457423644,10,200
"912",75,"fitclone","recoverable",0.641818634484426,10,200
"913",76,"freq","observed",0.272610254519157,10,200
"914",76,"freq","recoverable",0.655905299202325,10,200
"915",76,"fitree","observed",0.855979016778892,10,200
"916",76,"fitree","recoverable",0.603414639991466,10,200
"917",76,"Diffusion_subclone","observed",0.27784542670756,10,200
"918",76,"Diffusion_subclone","recoverable",0.657450517546986,10,200
"919",76,"Diffusion_mutation","observed",0.824296621128616,10,200
"920",76,"Diffusion_mutation","recoverable",0.657731797276426,10,200
"921",76,"scifil","observed",0.851728368239254,10,200
"922",76,"scifil","recoverable",0.471370771195868,10,200
"923",76,"fitclone","observed",0.254461890244483,10,200
"924",76,"fitclone","recoverable",0.659598023673029,10,200
"925",77,"freq","observed",0.387896554033438,10,200
"926",77,"freq","recoverable",0.0920153052821388,10,200
"927",77,"fitree","observed",0.307988240274006,10,200
"928",77,"fitree","recoverable",0.109109136188484,10,200
"929",77,"Diffusion_subclone","observed",0.65968801706367,10,200
"930",77,"Diffusion_subclone","recoverable",0.121889770445358,10,200
"931",77,"Diffusion_mutation","observed",0.74940558738433,10,200
"932",77,"Diffusion_mutation","recoverable",0.149048829592801,10,200
"933",77,"scifil","observed",-0.110827586866697,10,200
"934",77,"scifil","recoverable",-0.0740634412555069,10,200
"935",77,"fitclone","observed",0.482891628490607,10,200
"936",77,"fitclone","recoverable",0.149971943390551,10,200
"937",78,"freq","observed",0.334221142984788,10,200
"938",78,"freq","recoverable",0.542931337391945,10,200
"939",78,"fitree","observed",0.875528327505249,10,200
"940",78,"fitree","recoverable",0.667656471486849,10,200
"941",78,"Diffusion_subclone","observed",0.325046444942068,10,200
"942",78,"Diffusion_subclone","recoverable",0.541146061907671,10,200
"943",78,"Diffusion_mutation","observed",0.501987050051662,10,200
"944",78,"Diffusion_mutation","recoverable",0.264423866708882,10,200
"945",78,"scifil","observed",0.579316647840299,10,200
"946",78,"scifil","recoverable",0.420929992290797,10,200
"947",78,"fitclone","observed",0.626500809202858,10,200
"948",78,"fitclone","recoverable",0.576145765006348,10,200
"949",79,"freq","observed",0.397363629030667,10,200
"950",79,"freq","recoverable",0.426466679840464,10,200
"951",79,"fitree","observed",0.917713450817734,10,200
"952",79,"fitree","recoverable",0.640397941445071,10,200
"953",79,"Diffusion_subclone","observed",0.397056547400813,10,200
"954",79,"Diffusion_subclone","recoverable",0.427462793746865,10,200
"955",79,"Diffusion_mutation","observed",0.609759864346056,10,200
"956",79,"Diffusion_mutation","recoverable",0.403724782890507,10,200
"957",79,"scifil","observed",0.748607817738162,10,200
"958",79,"scifil","recoverable",0.520286639844644,10,200
"959",79,"fitclone","observed",0.137359977017823,10,200
"960",79,"fitclone","recoverable",0.400590436303156,10,200
"961",80,"freq","observed",0.427359251575391,10,200
"962",80,"freq","recoverable",0.465274680122511,10,200
"963",80,"fitree","observed",0.881349933755081,10,200
"964",80,"fitree","recoverable",0.576822028391484,10,200
"965",80,"Diffusion_subclone","observed",0.39372730223929,10,200
"966",80,"Diffusion_subclone","recoverable",0.458337524804464,10,200
"967",80,"Diffusion_mutation","observed",0.805434330322463,10,200
"968",80,"Diffusion_mutation","recoverable",0.39041925175997,10,200
"969",80,"scifil","observed",0.815092146275794,10,200
"970",80,"scifil","recoverable",0.520244460600684,10,200
"971",80,"fitclone","observed",-0.173365311328072,10,200
"972",80,"fitclone","recoverable",0.331570235513633,10,200
"973",81,"freq","observed",0.308739835967007,10,200
"974",81,"freq","recoverable",0.458730030541714,10,200
"975",81,"fitree","observed",0.761889755908408,10,200
"976",81,"fitree","recoverable",0.556102289643343,10,200
"977",81,"Diffusion_subclone","observed",0.278201178801923,10,200
"978",81,"Diffusion_subclone","recoverable",0.44789409467957,10,200
"979",81,"Diffusion_mutation","observed",0.360454548020733,10,200
"980",81,"Diffusion_mutation","recoverable",0.263778733556198,10,200
"981",81,"scifil","observed",0.738328496294646,10,200
"982",81,"scifil","recoverable",0.433709590489493,10,200
"983",81,"fitclone","observed",-0.0195207886976812,10,200
"984",81,"fitclone","recoverable",0.305912510215286,10,200
"985",82,"freq","observed",0.161414630613188,10,200
"986",82,"freq","recoverable",0.662317991622337,10,200
"987",82,"fitree","observed",0.97836606020273,10,200
"988",82,"fitree","recoverable",0.927086826863712,10,200
"989",82,"Diffusion_subclone","observed",0.177221713083783,10,200
"990",82,"Diffusion_subclone","recoverable",0.667067454028003,10,200
"991",82,"Diffusion_mutation","observed",0.85973482607283,10,200
"992",82,"Diffusion_mutation","recoverable",0.842224398343802,10,200
"993",82,"scifil","observed",0.848516080825383,10,200
"994",82,"scifil","recoverable",0.741748501602533,10,200
"995",82,"fitclone","observed",0.525585492147273,10,200
"996",82,"fitclone","recoverable",0.769990581504285,10,200
"997",83,"freq","observed",0.0836115118692094,10,200
"998",83,"freq","recoverable",0.583280533637188,10,200
"999",83,"fitree","observed",0.932068832120844,10,200
"1000",83,"fitree","recoverable",0.833530973741293,10,200
"1001",83,"Diffusion_subclone","observed",0.107330656328035,10,200
"1002",83,"Diffusion_subclone","recoverable",0.592190841957745,10,200
"1003",83,"Diffusion_mutation","observed",0.772686101250757,10,200
"1004",83,"Diffusion_mutation","recoverable",0.60737595371389,10,200
"1005",83,"scifil","observed",0.86292821923065,10,200
"1006",83,"scifil","recoverable",0.761221724055186,10,200
"1007",83,"fitclone","observed",0.154790141193134,10,200
"1008",83,"fitclone","recoverable",0.594600765575845,10,200
"1009",84,"freq","observed",0.512259273821822,10,200
"1010",84,"freq","recoverable",0.428196350615088,10,200
"1011",84,"fitree","observed",0.722749452548997,10,200
"1012",84,"fitree","recoverable",0.394202865744781,10,200
"1013",84,"Diffusion_subclone","observed",0.487130278347639,10,200
"1014",84,"Diffusion_subclone","recoverable",0.421173166459003,10,200
"1015",84,"Diffusion_mutation","observed",0.543228883385848,10,200
"1016",84,"Diffusion_mutation","recoverable",0.275707580496091,10,200
"1017",84,"scifil","observed",0.38606492496406,10,200
"1018",84,"scifil","recoverable",0.144360529269573,10,200
"1019",84,"fitclone","observed",-0.263362119355328,10,200
"1020",84,"fitclone","recoverable",0.261162151914858,10,200
"1021",85,"freq","observed",-0.0916271849000085,10,200
"1022",85,"freq","recoverable",0.521217836297442,10,200
"1023",85,"fitree","observed",0.608741527266723,10,200
"1024",85,"fitree","recoverable",0.48853660213041,10,200
"1025",85,"Diffusion_subclone","observed",-0.014744604466668,10,200
"1026",85,"Diffusion_subclone","recoverable",0.534222342365646,10,200
"1027",85,"Diffusion_mutation","observed",0.361944933455589,10,200
"1028",85,"Diffusion_mutation","recoverable",0.343210828958313,10,200
"1029",85,"scifil","observed",0.356388867659598,10,200
"1030",85,"scifil","recoverable",-0.129329180530457,10,200
"1031",85,"fitclone","observed",0.389327770322258,10,200
"1032",85,"fitclone","recoverable",0.593607280980292,10,200
"1033",86,"freq","observed",-0.13693689227117,10,200
"1034",86,"freq","recoverable",0.481271138849281,10,200
"1035",86,"fitree","observed",0.934578799152065,10,200
"1036",86,"fitree","recoverable",0.813856284793793,10,200
"1037",86,"Diffusion_subclone","observed",-0.129412451894073,10,200
"1038",86,"Diffusion_subclone","recoverable",0.482955266946108,10,200
"1039",86,"Diffusion_mutation","observed",0.763223015484909,10,200
"1040",86,"Diffusion_mutation","recoverable",0.685634791828108,10,200
"1041",86,"scifil","observed",0.856630106628476,10,200
"1042",86,"scifil","recoverable",0.731928449435123,10,200
"1043",86,"fitclone","observed",0.227224215804761,10,200
"1044",86,"fitclone","recoverable",0.553718018133124,10,200
"1045",87,"freq","observed",-0.308504027307247,10,200
"1046",87,"freq","recoverable",0.454301372412921,10,200
"1047",87,"fitree","observed",0.957918401996337,10,200
"1048",87,"fitree","recoverable",0.588728868907452,10,200
"1049",87,"Diffusion_subclone","observed",-0.400852272323562,10,200
"1050",87,"Diffusion_subclone","recoverable",0.436873011474153,10,200
"1051",87,"Diffusion_mutation","observed",0.84534162745703,10,200
"1052",87,"Diffusion_mutation","recoverable",0.486964372781995,10,200
"1053",87,"scifil","observed",0.533793152511882,10,200
"1054",87,"scifil","recoverable",0.454625064098687,10,200
"1055",87,"fitclone","observed",0.412015246995863,10,200
"1056",87,"fitclone","recoverable",0.603795183209002,10,200
"1057",88,"freq","observed",0.0315492593410657,10,200
"1058",88,"freq","recoverable",0.557627436595702,10,200
"1059",88,"fitree","observed",0.91927790438031,10,200
"1060",88,"fitree","recoverable",0.928854941843122,10,200
"1061",88,"Diffusion_subclone","observed",0.0619959483762342,10,200
"1062",88,"Diffusion_subclone","recoverable",0.57016949932273,10,200
"1063",88,"Diffusion_mutation","observed",0.661532569137726,10,200
"1064",88,"Diffusion_mutation","recoverable",0.448866742624155,10,200
"1065",88,"scifil","observed",0.900939085936172,10,200
"1066",88,"scifil","recoverable",0.84461303603924,10,200
"1067",88,"fitclone","observed",0.232821849026197,10,200
"1068",88,"fitclone","recoverable",0.625662776390765,10,200
"1069",89,"freq","observed",0.224896207256212,10,200
"1070",89,"freq","recoverable",0.604369172395048,10,200
"1071",89,"fitree","observed",0.920882306313756,10,200
"1072",89,"fitree","recoverable",0.868350357983106,10,200
"1073",89,"Diffusion_subclone","observed",0.202426829213512,10,200
"1074",89,"Diffusion_subclone","recoverable",0.593839002920183,10,200
"1075",89,"Diffusion_mutation","observed",0.663251131291663,10,200
"1076",89,"Diffusion_mutation","recoverable",0.649142607171739,10,200
"1077",89,"scifil","observed",0.885999606296355,10,200
"1078",89,"scifil","recoverable",0.770961435424161,10,200
"1079",89,"fitclone","observed",0.490925546208609,10,200
"1080",89,"fitclone","recoverable",0.694657556209241,10,200
"1081",90,"freq","observed",0.152514161823566,10,200
"1082",90,"freq","recoverable",0.619930722806558,10,200
"1083",90,"fitree","observed",0.981666816922599,10,200
"1084",90,"fitree","recoverable",0.846619803080567,10,200
"1085",90,"Diffusion_subclone","observed",0.136237303571317,10,200
"1086",90,"Diffusion_subclone","recoverable",0.616580211392872,10,200
"1087",90,"Diffusion_mutation","observed",0.888343990615782,10,200
"1088",90,"Diffusion_mutation","recoverable",0.636772043506542,10,200
"1089",90,"scifil","observed",0.851361070883843,10,200
"1090",90,"scifil","recoverable",0.677029879421965,10,200
"1091",90,"fitclone","observed",0.23732620886825,10,200
"1092",90,"fitclone","recoverable",0.632660356437199,10,200
"1093",91,"freq","observed",-0.0872388970852054,10,200
"1094",91,"freq","recoverable",0.637200342778567,10,200
"1095",91,"fitree","observed",0.932047674594147,10,200
"1096",91,"fitree","recoverable",0.822094496709299,10,200
"1097",91,"Diffusion_subclone","observed",-0.00092227159567994,10,200
"1098",91,"Diffusion_subclone","recoverable",0.659821637668982,10,200
"1099",91,"Diffusion_mutation","observed",0.566603377921646,10,200
"1100",91,"Diffusion_mutation","recoverable",0.542483127067094,10,200
"1101",91,"scifil","observed",0.668770065181722,10,200
"1102",91,"scifil","recoverable",0.606079133450265,10,200
"1103",91,"fitclone","observed",-0.172881241948205,10,200
"1104",91,"fitclone","recoverable",0.54328430404615,10,200
"1105",92,"freq","observed",0.189952866502506,10,200
"1106",92,"freq","recoverable",0.577067924967215,10,200
"1107",92,"fitree","observed",0.924435281638577,10,200
"1108",92,"fitree","recoverable",0.671763484683592,10,200
"1109",92,"Diffusion_subclone","observed",0.199322738841194,10,200
"1110",92,"Diffusion_subclone","recoverable",0.578686535530598,10,200
"1111",92,"Diffusion_mutation","observed",0.769857040066092,10,200
"1112",92,"Diffusion_mutation","recoverable",0.611724845111715,10,200
"1113",92,"scifil","observed",0.903056938581793,10,200
"1114",92,"scifil","recoverable",0.706726066131283,10,200
"1115",92,"fitclone","observed",0.276269266228607,10,200
"1116",92,"fitclone","recoverable",0.59316533961127,10,200
"1117",93,"freq","observed",-0.0831837570485279,10,200
"1118",93,"freq","recoverable",0.590121743401894,10,200
"1119",93,"fitree","observed",0.844620820454874,10,200
"1120",93,"fitree","recoverable",0.722012067195697,10,200
"1121",93,"Diffusion_subclone","observed",0.000185434506565802,10,200
"1122",93,"Diffusion_subclone","recoverable",0.613265781588093,10,200
"1123",93,"Diffusion_mutation","observed",0.515715847721422,10,200
"1124",93,"Diffusion_mutation","recoverable",0.357375311865185,10,200
"1125",93,"scifil","observed",0.724013635959125,10,200
"1126",93,"scifil","recoverable",0.448517910766653,10,200
"1127",93,"fitclone","observed",0.474462364813541,10,200
"1128",93,"fitclone","recoverable",0.689662323229429,10,200
"1129",94,"freq","observed",0.27083425169105,10,200
"1130",94,"freq","recoverable",0.607563472340892,10,200
"1131",94,"fitree","observed",0.900354122029215,10,200
"1132",94,"fitree","recoverable",0.843813310077635,10,200
"1133",94,"Diffusion_subclone","observed",0.290442161315741,10,200
"1134",94,"Diffusion_subclone","recoverable",0.614011946092098,10,200
"1135",94,"Diffusion_mutation","observed",0.670447854767921,10,200
"1136",94,"Diffusion_mutation","recoverable",0.51352801480213,10,200
"1137",94,"scifil","observed",0.729322325962154,10,200
"1138",94,"scifil","recoverable",0.691928689017032,10,200
"1139",94,"fitclone","observed",0.210019094495718,10,200
"1140",94,"fitclone","recoverable",0.563995238778199,10,200
"1141",95,"freq","observed",-0.0147063845372758,10,200
"1142",95,"freq","recoverable",0.492414750592421,10,200
"1143",95,"fitree","observed",0.937447503675021,10,200
"1144",95,"fitree","recoverable",0.538672237638244,10,200
"1145",95,"Diffusion_subclone","observed",0.189634958506977,10,200
"1146",95,"Diffusion_subclone","recoverable",0.512564988448922,10,200
"1147",95,"Diffusion_mutation","observed",0.90052414430025,10,200
"1148",95,"Diffusion_mutation","recoverable",0.485887176752843,10,200
"1149",95,"scifil","observed",0.636244636296879,10,200
"1150",95,"scifil","recoverable",0.440104395419823,10,200
"1151",95,"fitclone","observed",0.0499430845291196,10,200
"1152",95,"fitclone","recoverable",0.459595095463227,10,200
"1153",96,"freq","observed",0.760735511889652,10,200
"1154",96,"freq","recoverable",0.420624829209821,10,200
"1155",96,"fitree","observed",0.72290674181964,10,200
"1156",96,"fitree","recoverable",0.552643361289378,10,200
"1157",96,"Diffusion_subclone","observed",0.768771450395529,10,200
"1158",96,"Diffusion_subclone","recoverable",0.42189704041348,10,200
"1159",96,"Diffusion_mutation","observed",0.58327520321821,10,200
"1160",96,"Diffusion_mutation","recoverable",0.416327774330737,10,200
"1161",96,"scifil","observed",0.379821433075535,10,200
"1162",96,"scifil","recoverable",0.0367801661970967,10,200
"1163",96,"fitclone","observed",0.241078155176298,10,200
"1164",96,"fitclone","recoverable",0.355821571023431,10,200
"1165",97,"freq","observed",0.271924278425175,10,200
"1166",97,"freq","recoverable",0.507315030798371,10,200
"1167",97,"fitree","observed",0.893342103934356,10,200
"1168",97,"fitree","recoverable",0.755317374202155,10,200
"1169",97,"Diffusion_subclone","observed",0.288858289356339,10,200
"1170",97,"Diffusion_subclone","recoverable",0.51415800995049,10,200
"1171",97,"Diffusion_mutation","observed",0.736233835608726,10,200
"1172",97,"Diffusion_mutation","recoverable",0.657482582178615,10,200
"1173",97,"scifil","observed",0.87351374913852,10,200
"1174",97,"scifil","recoverable",0.735031418749747,10,200
"1175",97,"fitclone","observed",0.1231152341854,10,200
"1176",97,"fitclone","recoverable",0.422558731384324,10,200
"1177",98,"freq","observed",0.432780437979178,10,200
"1178",98,"freq","recoverable",0.567174766896105,10,200
"1179",98,"fitree","observed",0.868296271571946,10,200
"1180",98,"fitree","recoverable",0.724492927144181,10,200
"1181",98,"Diffusion_subclone","observed",0.465394320019062,10,200
"1182",98,"Diffusion_subclone","recoverable",0.575244210492601,10,200
"1183",98,"Diffusion_mutation","observed",0.783340793972395,10,200
"1184",98,"Diffusion_mutation","recoverable",0.64305008974142,10,200
"1185",98,"scifil","observed",0.873266811414841,10,200
"1186",98,"scifil","recoverable",0.661209754813242,10,200
"1187",98,"fitclone","observed",-0.123794654477637,10,200
"1188",98,"fitclone","recoverable",0.378467912066405,10,200
"1189",99,"freq","observed",0.437296103751377,10,200
"1190",99,"freq","recoverable",0.488974258999968,10,200
"1191",99,"fitree","observed",0.908707506376975,10,200
"1192",99,"fitree","recoverable",0.66193366697244,10,200
"1193",99,"Diffusion_subclone","observed",0.416182789413135,10,200
"1194",99,"Diffusion_subclone","recoverable",0.480800064784279,10,200
"1195",99,"Diffusion_mutation","observed",0.767952077455364,10,200
"1196",99,"Diffusion_mutation","recoverable",0.678389895180758,10,200
"1197",99,"scifil","observed",0.851928197761139,10,200
"1198",99,"scifil","recoverable",0.521730742937269,10,200
"1199",99,"fitclone","observed",0.24214705144989,10,200
"1200",99,"fitclone","recoverable",0.412904646866104,10,200
